tweets;manual sentimen
@DOTABUFF @LiquidKuroKy Team GOjek @gojekindonesia;0
boss @gojekindonesia, ini sever mu yg down atau apa gw ga tau. Tp ini gw udah cancel malah gopay kepotong. Ada solusi ? Drpad kantor lu rusak kan ya lbh baik cara dmaai aja;0
@alfamart @gojekindonesia Alfamart pondok mutiara sidoarjo, 2 alfamart tidak bisa semua;0
@Nayadini @LutfiSy @gojekindonesia Tapi memang bener, di smsnya pun begini. Mungkin karena panik udh gitu di push buat bacain kode jadinya ya nyebutin ;0
@gojekindonesia restauran sy tdk tepat kordinatnya saat sy daftar pertama kali. Bgmna cara mengubahnya ? Terimakasih;0
@Nayadini @moonestl @gojekindonesia Yah padahal dulu aku ada tuh nomor cs findaya gegara belum bayar PayLater ditelponin mulu. Tapi udah kehapus nomornya huhu;0
@Nayadini @gojekindonesia @findayaindo prnh jg gw d tlfn sama org yg minta kode gojek yg msuk via sms wkwkwk tpi gk gue responn pdhl uda bicara panjang lebar krna gw tau ni org psti penipu, jadi gais lebih hati2 lgi kedepannya :);0
@gojekindonesia mau nanyak nih, tadi saya top up gopay melalui atm dan transaksi berhasil melalui atm, tapi kok gak sampai2 ya ke gopay nya..;0
@TaliUdeng @gojekindonesia @GrabID Tengkuzul ngaceng nih liat beginian ?ï¿½?ï¿½;0
@annsmia @tamjanbintaro @gojekindonesia Ekwkwk jing;0
@merklaptop @kejumesissusu @gojekindonesia Parah sih, dah semua nya dimintain vocer masih aja disalahin;0
@TaliUdeng @GoblokMasBebas @gojekindonesia @GrabID Ehem...@anto_winarnoEnte jangan naik Ojol ya;0
@Alyansorie @gojekindonesia Yakan gatau aq kl km di mekdi, dah hampir pingsan tadi:(;0
@kejumesissusu @gojekindonesia Para si del @merklaptop;0
@yhezkielsiahaan @gojekindonesia iya emang udah parah bgt sih;0
@gojekindonesia @gojektech bingung mau ngomong apa klo sepihak bgini, padahal sdh dikonfirmasi smua pesanan, jadinya Anyep dah;0
@gojekindonesia Mohon maap bapak, itu mbaknya yang kena tipu udah lapor dari jaman kapan ya? ?Ùªï¿½;0
"@Nayadini @bonekcasuals @gojekindonesia Ini sih gara"" kode OTP keknya.";0
@gojekindonesia min boleh tolong bantu ga aku bermasalah di upgrade gopay nih. Tp emang ktpku udah jelek gimana dong:( ;0
Admin @gojekindonesia kebanyakan twitteran.;0
Pokoknya gue kecewa banget sama @McDonalds Indonesia, gue pesen paket panas gaada nasinya dan direspon lama bgt pas minta keluhannya. Gue pesen pake go food @gojekindonesia tapi gue yakin ini bukan kesalahan dari gojeknya, pasti kelalaian dari pihak mcd nya;0
@gojekindonesia Halo, Sy pny Serena tahun 2008, apakah bisa utk didaftarkan sbg mitra Go-car? Terimakasih sebelumnya.;0
"Ini gojek ngeledek atau gimana ya? emotnya melet lagi. 
Thx @gojekindonesia jadi sadar je, mending PDKT lama jadiannya, ini mah gak ada sama sekali. ";0
Ini kenapa gak bisa di pesen sih? Bikin emosi aja @gojekindonesia;0
"@Nayadini @newsplatter @gojekindonesia ""Gue kasih lah itu kode gopay"" sorry to say, saya agak bingung sih kalau mau ngebela korban kaya gini, kan udah dikasih tau kapanpun oleh pihak ybs klo kode semacam itu gak boleh dikasih tau siapapun :( semoga cepet kelar ya";0
@trxbianca @Mosthafavi Belom tersedia di gofud... Gimana nih @gojekindonesia wkkwkw;0
@gojekindonesia Balesan email nya gak jawab pertanyaan saya;0
maaf @gojekindonesia ini emg sengaja ngejek apa gimana sih apa selama ini mata2in aku ;0
Kpd yth @GrabID  dan @gojekindonesia tolong kasih pendidikan ke mengemudi tentang di jalan tidak boleh menggunakan handphone pada saat mengemudi.karena hampir sering terjadi kecelakaan. Terima kasih;0
"@Nayadini @rangerhijau_ @gojekindonesia Mbaknya emng teledor, tp gabisa disalahin jg, gimanapun itu berarti ada celah di sistem @gojekindonesia. Dia digiring utk ""nyerahin"" akunnya dg cara diambil gopaynya saat order, panik lalu nyerahin OTPnya. Celah ini hrs diberesin, krn gak ada syarat user Gojek hrs gak panikan kan";0
@askmenfess Coba lamar disini @gojekindonesia @GrabID modalnya cuma motor.;0
@TaliUdeng @gojekindonesia @GrabID Q ramudeng, yen bar numpaki trus mbayare piye jal;0
@Nayadini @gojekindonesia haiii sis @nayadini senasib gw gini juga dan si @gojekindonesia lama banget respon complain gwww;0
"karena diskon #Gopay dari @gojekindonesia di @BreadLifeBakery Ibu-ibu split pembelian menjadi beberapa pembayaran ..
tapi si Ibu ga mao antri lagi, jadi cuma skali antri ... beli roti banyak .. trus bayarnya berkali kali ..
Kayanya harus divalidasi per nomor per txn deh";0
@LutfiSy @Nayadini @gojekindonesia Nah iya bnr, bukan dibhack, kalo di hack gaperlu org itu nlon mnta kode otp;0
Sombong banget kalian mentang2 dibutuhin... ;0
"Kalian Hidup dr tenaga dan usaha pake keringet panas hujan.. Mikir laaa...""";0
@gojekindonesia min, tolong buat fitur yg mem-blok driver gak bener. Supaya lain kali kalo pas order dpt driver itu lg otomatis langsung cancel?;0
@gojekindonesia tolong diperhatikan ketersediaan jasa gojek di Jatimakmur Pondokgede Bekasi terutama sekitar jam  6 pagi ( jam sibuk ). Terimakasih atas pelayanannya;0
@Aloysius_Tatus @gojekindonesia BENER!!!! Udh bongkar2 settingan trnyata gak ada;0
@Aloysius_Tatus @gojekindonesia Iya kak, bangsat memang gak bisa opt out dari promotion;0
@spyndutz @gojekindonesia Notif dari drivernya ngk masuk dong;0
@Aloysius_Tatus @gojekindonesia Mohon maaf kak, untuk saat ini tidak ada fitur matikan push notif dari aplikasi, mungkin bisa dimatikan dari setting untuk disable semua push notif dari gojek;0
Ojek @GrabID @gojekindonesia nya mangkal dimana-mana tuh kepikiran ga, parkir sembarangan, ngerokok. Ojek pangkalan jelas ada tempatnya, lah ini di trotoar, depan rumah kosong, gelar tiker. Tolong ditindak dong @DKIJakarta @TMCPoldaMetro @DishubDKI_JKT;0
@gojekindonesia disktr tmt tinggal sy jdi pngjln gojek..mengganggu krn sembarang parkir dpn pintu, jorok  sampah berserakan. Mereka jg sering order makanan untuk mereka sendiri mungkin kejar poin, sudah dikomplain warga karena mengganggu dan jorok tapi mereka seolah tak mengerti.;0
"Dear @gojekindonesia ,cara matiin push notif gimana?
Sehari bisa 5x lebih push notif dan gk ada yg relevan. Apa usernya ngk di segmented?";0
Ojek @gojekindonesia nya mangkal dimana-mana tuh kepikiran ga, parkir sembarangan, ngerokok. Ojek pangkalan jelas ada tempatnya, lah ini di trotoar, depan rumah kosong, gelar tiker;0
@gojekindonesia @ShopeeCare @ShopeeID  kiriman gosend instant dr shopee dr kemarin jam 3 sore sampai sekarang blm sampe2 tangerang jg, di tracking drivernya masih muter2 daerah jakut mulu. Di aplikasi pun tidak tertera nama dan no hp driver. Bisa dibantu?;0
@gojekindonesia min akun saya keblokir pin gopay gimana min mau di normal kan lagi;0
Tbtb pas install aplikasi ini lagi karna mau goshop buka notif diaplikasi ada tagihan segitu banyak. Heu @gojekindonesia;0
Jujur shock liat tagihan paylater gojek. Tanpa ada notif sms atau email tbtb segini. Dan emg waktu itu krn memori penuh aku sempet uninstall. Aku lupa kalo sempet pake paylatenya. Karna d tagihan sebelumnya ada notif sms tagihan. Dan ini ga ada. U suck @gojekindonesia ;0
@gojektech @gojekindonesia kenapa sih harus jam segini??? bikin kebangun.. ?ï¿½??ï¿½Ûï¿½ï¿½Û•ï¿½ï¿½ ;0
"@gojekindonesia min, sekarang voucher gratisan yg potongan harga 8k kok pake minimum pembelian 20k?
Ah gak asik";0
"Gimana dong, si driver gak mau di cancel alesan performanya baru naek; gak mau juga terima sgtu alesannya tarif gak masuk akal; maunya 55rbu. Sampai tujuan w bayar 60rbu. Ikhlas w kalo trnyt ini aplikasinya yg error ngitung tarif. ?ï¿½ï¿½ï¿½ @gojekindonesia ";0
@bukabantuan @gojekindonesia  Maksimal jarak bisa pakai gosend (instant) berapa KM? kok di lapak saya ada yg di Tanah Sereal Bogor bisa order pake gosend? sedangkan saya di jatiasih bekasi. saya cek itu lebih dr 40KM. Mana ada driver yg mau ambil orderan ini;0
@kirekswasta @gojekindonesia @yukeeofn Udah baca sampe serius dan sedih juga eh taunya nipu. Asuuuu?ï¿½ï¿½ï¿½;0
top up udah berhasil udah ada resinya tapi saldo ga nambah kenapa ya?!?!?! @gojekindonesia;0
"@fermendkis Sepertinya memang harus dibuatkan aturan agar para mitra trnsportasi online ""nakal"" trhadap para costumer. Terutama dari pihak @gojekindonesia karena hal ini sdah sering dipublikasikan. Semoga dngan adanya thread ini pihak @kemenhub151 dpat mnanggapi hal ini.";0
"@fermendkis Sy sngat mndukung, krna kejadian diatas bukan hnya sekali tetapi sdah sering . Utk itu diharpkan kpada @kemenhub151 bkerja sama dngan pihak @gojekindonesia &amp; @GrabID  adanya regulasi yg mngatur tntang keamanan data pribadi dari costumer sehingga tdk trjadi lg hal2 sprti diatas.";0
@gojekindonesia @bukabantuan kalo saya jd seller di bukalapak dan mengirim smartphone yg cukup mahal, bolehkah sy bilang ke driver itu hanya smartphone tanpa embel2 lain agar aman? Apakah ini mempengaruhi proses klaim asuransi jika terjadi sesuatu?;0
"Kenapa ya ada beberapa mall dan tempat2 perkantoran/gedung2 mempunyai aturan driver @GrabID @gojekindonesia melepaskan seragam/atribut/jaketnya ? 
Bukankah secara tidak sadar kita telah mendiskriminasi org.
Apa yg menjadi alasan driver hrs melepas atributnya/jaketnya?";0
@gojekindonesia min, saya order gofood tgl 10 september bayar pake pay later, orderan udh diselesaikan tp makanannya kaga nyampe di saya, udh tlp cs jg, tp kenapa tagihan pay later nya masih ada ya sampe sekarang? Nomor laporannya 15946034;0
@gojekindonesia min saya beli voucher gofood yang potongan 15k. tapi kok pas dipake max 12k ya?;0
@gojekindonesia @GOFOODJakarta Saya pesan makanan tidak diantar dan gopaynya kepotong padahal kita belum bayar sisa pembayan malah menyelesaikan orderan tanpa kirim makanannya.;0
"Driver sampah emg jago demi 180k
Buat orderan fiktif yg gak go resto
- KFC 
- Mc Donald
- Resto buatan sendiri.
@gojekindonesia
Tolong dong tegas Suspen akun2 bgtu.";0
@yukeeofn @gojekindonesia mohon tindak secepatnya?Ùªï¿½;0
"kebiasaan driver @gojekindonesia 

menjauh dari titik penjemputan terus begini ";0
"@gojekindonesia saya daftar Go-Ride Online
Ko gk d panggil-panggil sih?? 
Udah lama banget..";0
@gojekindonesia @Nayadini GOBLOK! PUNYA MATA, BACA!;0
@evalez_fr @tatiherra @Jsubagja7 @NoviBramastha @Hirumi_5150 @Miqdad_2 @Sunda_2 @SutariUu111 @gojekindonesia ?ï¿½ï¿½ï¿½ siganaaa....milih isukisuk meh teu cirigesiyen ?ï¿½ï¿½ï¿½;0
gimana inii?? @gojekindonesia;0
@gojekindonesia @Nayadini Gila ini adminnya BOT apa orang kerja sih ? Masa iya pake nanya lagi;0
"@KingAcang @gojekindonesia Langsng aja... Gk ush pakai aplikasi...
Mngkin jaringnny lgi ngambek sama drivernya
?ï¿½ï¿½ï¿½?ï¿½ï¿½ï¿½?ï¿½ï¿½ï¿½?ï¿½ï¿½ï¿½";0
@gojekindonesia dari kemarin malam withdraw ke rekening belum masuk,giliran coba withdraw pagi ini lngsung masuk . Lah terus uang saya kemarin malem di kemanain ???;0
"@gojekindonesia has the worst customer service ever. it's useless to @ or dm them because they never fcking answer
driver belagu semua, ga mau bales chat; map search bagian gosend tdk berfungsi setelah ketik input di iphone 6. this brand just keeps getting worse i swear";0
@gojekindonesia tadi sore saya beli kuota tri pake gopay, saldo gopay saya udah kepotong, tapi kata pihak tri saya belum daftar paketannya. tolong di cek dong min. saldo saya udah kepotong tp kuotanya ga masuk. TERIMAKASIH.;0
@gojekindonesia lama lma nyeselin juga ya HAHAHAAHA ;0
@gojekindonesia bisa jelaskan kenapa di app tidak bisa chat? ;0
@B713Prince @gojek24jam @gojekindonesia nipu itu bukan curhat wkwk;0
@rizkyyyiky @gojekindonesia Server Go-Jek lagi error, semua jg pd ngalamin tuh. Tinggal minta refund gopay nya aja ke Go-Jek.;0
@gojekindonesia Dear admin.. Kemarin saya tiba2 di omelin driver nih. Ragara saya batalin dia. ada cara biar ga dapet driver selain dia? Soalnya dia suka ngebut.;0
baru pertama pake app go-med(icine) di app gojek. dan super terharu krn mas gojeknya bener2 ga cancel order pdhl ordernya subuh bgt.. yallaaah makaci ?Ù´ï¿½?Ù´ï¿½?ï¿½ï¿½ï¿½ @gojekindonesia;0
@Nayadini @gojekindonesia Pertama, padahal kalau mau di urus gini, mending langsung ke kantor CS gojek terdekat, terus cari driver yang gak nganter boba tadi, kemungkinan besar dia kerjasama sih, kalau masalah akun log in tuh, udah kesalahan CS sih, kan gojek kasih tau jangan kasih kode OTP ke siapa pun;0
"@gojekindonesia @Nayadini ih kok goblok, baca dulu semuanya min, baru reply sesuai kebutuhan. 
kalo cuma ngasih reply copas template sih ponakan gue yang masih SD juga bisa.";0
@gojekindonesia mohon konfirmasinya, apabila order by gofood makanan yang dikirim tdk sesuai dengan pesanan. Sedangkan Nomor driver sudah tdk tertera setelah order selesai.;0
Mau kirim dm tapi gabisa @gojekindonesia please response this please. I need my money back. Buka dm nya;0
@gojekindonesia Tadi gara-gara app ngadat, ada saja tukang ojek yg kesal sama konsumen, dianggap ngerjain;0
@gojekindonesia Setelah hp saya mati, beliau ttp mencoba menghubungi saya dan menolong saya. Pas udh ketemu, ternyata aplikasinya mendadak error. Pesanan terbatalkan di beliau, tp di saya ttp jalan. Jadi tomatis saldo gopay saya terpotong, sedangkan beliau ga bisa dpt poin. ;0
@kandargalang Hei @gojekindonesia , nonton ya! Lihat kelakuan si customer-nya juga dong. Saya minta customer ini di blacklist!;0
@yukeeofn @SiNiel1 Sudah termasuk penipuan. Mohon lidik @ditkrimsusPMJ @DivHumas_Polri @CCICPolri @gojekindonesia;0
@eckyalimansyah @yukeeofn @gojekindonesia Bagaimana tanggapan @gojekindonesia ? Ini sudah termasuk penipuan. Cc. @DivHumas_Polri @ditkrimsusPMJ @CCICPolri;0
@gojekindonesia tolong follback saya mau dm beberapa keluhan saya tentang gojek;0
"@kirekswasta Nii nuu nii nuu @gojekindonesia ayo jangan sampe ada oknum yang manfaatin kebaikan penumpang2nya untuk nipu!
";0
@gojekindonesia akun saya tidak dpt digunakan;0
@yukeeofn @GrabID @gojekindonesia tolong kalo bisa bikin aturan driver jangan suka ngajak ngobrol ke pelanggan kecuali hanya pertanyaan seputar rute perjalanan.;0
@gojekindonesia mohon di tertibkan driver anda ;0
@yukeeofn Mbak, gua pernah diboncengin bapak ini. Ceritanya persis banget sama yg mbak alami. Sampe gua pernah bikin storiesnya. Bangsat memang ya si bapak, untung cuman kasih tips 10rb wkwk @gojekindonesia ;0
@gojekindonesia min,tiap perekrutan mitra itu apakah jumlah kuota selama 6 hari itu melebihi sms undangan kah???;0
@yukeeofn Kalau emang dia nipu, tolong @gojekindonesia utk tertibkan drivernya jangan smp merusak citra driver lain.;0
@gojekindonesia @kirekswasta Semoga ga ada lagi2 driver gojek yg nipu2 memanfaatkan kebaikan orang seperti ini. Kasian yg bener2 butuh jadi orang males bantu klo kayak gini;0
@yukeeofn Maaf @gojekindonesia mohon diselidiki mitranya jangan sampai merugikan customer yahh;0
Waduh, bahaya ini.. Apalagi sekarang banyak penipuan mengatas namakan call center gojek @gojekindonesia @gojektech ;0
Tolong bagaimana tindak lanjut laporan saya @gojekindonesia;0
"@kirekswasta @jumainali @gojekindonesia Kemarin mau komen mau bilang awas penipu tapi ku takut di bom netizen ?ï¿½ï¿½ï¿½
Soalnya modus lama itu yg di pake 
Dulu pernah di UP di twitter";0
@gojekindonesia hi gojek. saya mau order gotix pesen tiket midsommar d cgv ptc mall, kok ga ada yg satin ya buat hr ini? atau emang blm update aja?;0
Heran.. kenapa di cikarang kalo jam segini mau gofood susah bgt?selalu di cancel?apa salahku bangggg?ï¿½ï¿½? @gojekindonesia;0
@gojekindonesia gopulsa gabisa?;0
@gojekindonesia min akun saya kenapa bermasalah;0
Kejadian Teman Saya sedang naik @gojekindonesia di jambret di daerah mustopo... Hati Hati teman2 ;0
Adminnnn ini gojek lagi ada gangguan belum kelar-kelar ya?:') saya nungguin dari jam 8 malam tadi sampe udah di update dan di logout tetep gabisa dipake:') @gojekindonesia ;0
"@gojekindonesia Hallo, min. Sekitar pukul 18.30, saya tadi melakukan top up via atm bri. Akan tetapi, hingga saat ini saldo saya tidak bertambah. Apakah bisa tolong dibantu?
Terima kasih :)";0
@gojekindonesia Sudah min, tolong segera di cek. Thx;0
@gojekindonesia min akun saya tidak bisa digunakan;0
@gojekindonesia min akun saya tidak bisa diakses;0
@gojekindonesia min akun saya tidak bisa di akses;0
Halo @gojekindonesia , saya order untuk teman saya. Di aplikasi sudah sampai, namun yang bersangkutan belum sampai di lokaai tujuan;0
@gojekindonesia kenapa tarif semakain mahal ya kak di daerah kami Pekalongan ?;0
@kirekswasta @Mahesa_Aditya_ CC @gojekindonesia mohon ditindak lanjuti diselidiki atau disidak akun ybs agar tidak banyak korban lagi;0
@gojekindonesia  selamat malam, akun gojek saya sudah di verif tapi nomornya ilang, saya harus apa;0
@TMCPoldaMetro Harusnya si driver ojol itu malu... bukan mengacungkan jempol seperti bangga banget kalau di tangkap @GrabID  @gojekindonesia  @TMCPoldaMetro;0
@gojekindonesia komplen gojek kmna ya;0
@TMCPoldaMetro Kalau di tegur.. malah galakan yg lawan arah pak.... di gunting aja simnya atau ngak kendaraaan di tahan 3 bulan, biar kapok pak... ngak pernah kapok2 yg lawan arah apalagi ojol @GrabID @gojekindonesia @TMCPoldaMetro;0
@roses_man @gojekindonesia CS nya @gojekindonesia parah... moso kudu via orang dalem...;0
Balik lagi @gojekindonesia @gojektech ini saldo gopay saya kemana dong, sampe sekranga belom masuk2 gopay saya;0
@gojekindonesia kak gimana ya, ini gopay saya kok saldonya gak nambah2 padahal kemaren udah diisi. Udah email juga tapi ga ditindak2, lama banget penanganannya...;0
"@gojekindonesia  halo gojek.
Pagi ini saya ada order tujuan ke gambir dan dilakukan charge 2 kali dengan driver go blue bird yang berbeda, mohon dibantu.";0
"Heuheu, drivernya milih-milih, karna di argo dia cuma 8 ribu padahal di gue 13 ribu plus bakalan gue kasih juga tu tips karna barang bawaan gue banyak.. @gojekindonesia 
Anw ini keduanya di cancel ";0
Malam ini kena modus penipuan gocar dengan pura pura hp dia rusak dan minta kode otp, untung udah tahu jadi gak kena. Langsung laporan ke @gojekindonesia tapi responnya lambat. Kasihan juga kalau drivernya masih berkeliaran terus ada korban.;0
"@gojekindonesia min coba cek akun saya atas nama alwin khairunnas,ini nomer saya 081339868311 masalahnya tadi siang jam 14-17 gadapet"" nah skrg jam 1 sampe jam 2.37 gadapet juga,kalo suspen sekalian aja,dari pada nggantung kayak gini,saya butuh duit juga,gini terus rugi waktu!!!";0
@Irufansha @gojekindonesia Udah coba kirim email lewat help gopay, udh kirim bukti transaksi, belum dibalas lagi sih :(;0
"@gojekindonesia @Haissyaufi Mohon di pantau kantor gojek area palembang...
Jaket dan helm d daerah palembang hanya anak komunitas saja yg bisa ambil atribut d kantor...
Kita tidak ada beda nya,semua mitra kok d beda2in sama single figther..
Tolong jangan d persulit seluruh mitra yg tidak ada komunitas. ";0
Mau sampe korban berapa BANYAK Jek @gojekindonesia ?? IT mu itu kerjanya ngapain? Entah apps customer atau driver, kok GAMPANG DIRETAS ?? ;0
"@ymwidya @IsaR____ @gojekindonesia Gpp mba share di twit kaya gini, seengga""nya bisa jd pelajaran buat yg lain, dan PELAJARAN buat IT gojek, utk lebih secure dlm sistem keamanan aplikasi. Yg mba alamin jg banyak dialamin customer lain.";0
@gojekindonesia min maaf ya akun saya tidak bisa digunakan;0
@gojekindonesia Min kokkk beli paket data gopulsa masih dalam proses terus ya pdhl saldo gopay sudah terpotong:(((;0
@gojekindonesia kk mohon maaf sebelumnya ini knapa akun saya tidak bisa digunakan;0
@gojekindonesia malem malem laper, pesen gofood.. eh pas pesen suami d telp mas mas ngaku dari gojek bilang kalo itu driver fiktif, d tanya balik telp d matiin, orderan d cancel dan saldo gopay kepotong.. d cari di history g ada.. kan serem.. ini gimana ya min?;0
@gojekindonesia Mohon Saldo Gopay Saya Hilang tiba-tiba tanpa ada transaksi sekitar 50.000. dengan Nomor Seluler 085320662224 dan E-mail ridwansaleh190218@gmail.com mohon kiranya diperiksa;0
@gojekindonesia saya abis top up gopay di atm tapi saldo ga masukk. Tp saldo rekening saya udah kepotong. Kenapa yaa;0
Nomer telpon ini menghubungi jam 22 semalam, ngaku2 dari @gojekindonesia dan bahwa sy memenangkan voucher 2jt rupiah. Mohon ditindaklanjuti @aduanBRTI;0
@gojekindonesia.. Tolong di tindak lanjuti kekerasan pemukulan yg di lakukan customer terhadap mitra gojek dengan no laporan 2732265313.. Ada saksi pula.. Kenapa gojek lamban.. Seperti tak peduli kalo ada kejadian kriminal terhadap mitra. Tetapi cepat tanggap ka ada keluhan cust;0
@gojekindonesia min, tolong dong saya isi go-pay kok ga masuk ya? Huffft lagi urgent gini;0
"@gojekindonesia pls kindly cek my complain..
1. Order tidak sesuai
2. Free tumbler gada
3. Saya pesan layanan anda tp di bill nya ojol merk lain..
4. Cek gambar saya..
Driver anda iseng kayanya...tolong di respon segera...
Thx ";0
Eh, tiba-tiba dapet notif akun dibebukan, seolah kita yg salah. Giliran @richbrian dianter sampe ke New York sana. Et dah, kasih rap ala Killer Bee juga ni lama-lama. @gojekindonesia ?ï¿½ï¿½ï¿½;0
Sebelum bekukan seenaknya, coba itu restonya dibuat disiplin, kalo gk ada ya update di app gak ada, kalo udah tidur, go-foodnya dibuat tutup. Giliran resto aman, drivernya aneh, order diambil tp banyak alasan. Sy coba order dr jam 2, sampe skrg gak ada yg beres. @gojekindonesia;0
Halo min @gojekindonesia main bekukan akun aja, gara-gara banyak cancel go-food. Coba dibacain itu alasannya kenapa. Warungmu katanya buka ternyata udah tutup, pesanan katanya ada, tapi ternyata habis, drivermu ambil pesanan tapi gak bs di kontak. Laper bos, gjls ya cancel.;0
@gojekindonesia min gimana ini saya udah 3hari tidak bisa kirim gopay, sudah kirim pesan email juga tidak ada tanggapan? Akun saya udah premier tapi kenapa tidak bisa kirim gopay ;0
@gojekindonesia min mau tanya untuk pencarian kenapa ga masuk ya ;0
Dear @gojekindonesia @gopayindonesia mohon bantuan nya atas scammer ini ;0
@gojekindonesia Hai, saya isi pulsa im3 20rb lewat go-pulsa dari kemarin kok masih in progress ya? Padahal lg butuh bgt pulsanya;0
Kadang ribet klo mokusin kamera atw nyebutin nomor hp @gojekindonesia @ovo_id / @GrabID nfc dong nfc ;0
@gojekindonesia Bonus di turunin maless;0
Ini customer lho Jek  @gojekindonesia ! Masa sih lo ga mau benahin sistem yg lebih secure...??? ;0
"sumpah dah @gojekindonesia @GrabID tolong biasain sama drivernya jangan asal sentuh paha orang apalagi arahin kaca spionnya ke bibir orang. 
spion buat lihat jalanan bukan lihat bibir ?ï¿½ï¿½ï¿½";0
"@kalampatah @gojekindonesia Pesanan dibatalkan kok bisa hp ketinggalan di mobil....???
Aneh...";0
@gojekindonesia baru saya order via gofood. Dari awal inbox driver udh berbohong. pesanan Tiba..ee setelah driver pergi pesanannya tidak lengkap. Padahal biaya sudah saya lebihkan. Keselll gak!! ;0
@gojekindonesia Dan ternyata dia neror gue pake 3 account WhatsApp yang gue Kira orang genit ternyata temen sekongkolan istrinya HAHAAHH ;0
malem malem diteror istri driver @gojekindonesia yang dikiranya gue selingkuhan suaminya, the trust issues is strong man?ï¿½ï¿½ï¿½?ï¿½ï¿½ï¿½?ï¿½ï¿½ï¿½ ;0
@gojekindonesia ini snk promo SERIUSMAIN dari gogames lihat nya dimana min, kok saya mau pakai top up dari beberapa games, pembelian selalu gagal, itu kenapa ya?;0
Kecewa banget mana saya mau ambil charger. Tolong ditindaklanjuti ya akun saya ke suspend pdhl sy ga salah apa2. Sy cancel krn abangnya gajelas gada kabar. Pas pesen lagi dapet dia lagi dan gabisa di cancel @gojekindonesia;0
Kesel banget hri ini sama driver go send. Di telfon ga dijawab (panggilan dialihkan) di chat cuma di read. Sempet nge-cancel krn sy bnr2 urgent eh akun saya malah ke suspend. Go pay saya kepotong sampe skrg driver gak ada kabar tapi status order masih :) @gojekindonesia;0
"@detikcom @GrabID 
@gojekindonesia 
gmana tuch para driver driver kalian tdk tau fungsi trotoar. tdk menghargai hak pejalan kaki.
jgn cm tau duit duit...";0
@hadaMCRmy @gojekindonesia @gojek24jam @kejO_Online Emang masih banyak kastemer @gojekindonesia yg masih perlu sosialisasi dan  pelatihan mengorder.. memastikan titik Jemput dan membedakan jenis layanannya.;0
"Minggu pagi, apes banget ini ya. Ketemu driver @gojekindonesia udah sesuai estimasi di app, tapi nggak gerak-gerak. Cancel, eh dapet dia lagi. Cancel, dapet yg lain tapi jauh, ditungguin dia yg cancel.
Suka malesnya gini nih sama driver @gojekindonesia tuh, suka semau dia kadang";0
@gojekindonesia Driver tidak mau menjemput, karena saya berlokasi di Indomaret yg jauh dari lokasinya dia (FYI, ada dua Indomaret di jalan ini, dan dia berada lebih dekat dgn Indomaret satunya). Sudah chat, tapi dia tiba2 mengcancel. Mohon penjelasannya. ;0
Maaf nih @gojekindonesia mau tanya sistem cancel ordernya gimana ya. Sy dah cancel dan di aplikasi sy dah ke cancel tp punya drivernya belum ke cancel dan datang menjemput. Sy kasihan sama drivernya aja. Buat info, sy sudah sering mengalami seperti ini. Tolong diperbaiki. Thanks;0
@gojekindonesia kok skarang engga bisa pake gopay yaa bayar gomassage ?;0
Npa si skarang pesen gofood lama bat ga kek bulan2 maren, why? ?ï¿½ï¿½ï¿½@gojekindonesia;0
@gojekindonesia percuma anjir ada voucher 8k kek 15k kek, tapi ongkir gede amat 13k bambank, padahal jarak -1km etdah bang;0
Minimal akses buat driver @gojekindonesia buat nganter @gofoodindonesia gak susah2 amat lah. ?ï¿½ï¿½ï¿½ ;0
"@gojekindonesia sy seharian ini nggak bisa bayar di merchant/kirim saldo gopay ke pengguna lain, selalu dpt pesan ""unable to process."" mohon bantuannya. ";0
@gojekindonesia malam, saya ada melakukan topup gopay via mandiri online tapi kok tidak masuk ya, apa memang sedang ada masalah?;0
Gayamu kulit pisang.bonus driver @gojekindonesia diturunin dgn alasan ekonomi lg lesu.bacot ;0
@gojekindonesia tolong, akun Go-Ride saya diretas oleh orderan fiktif. No penipu nya 081807079351, 085574679003;0
"ï¿½ï¿½ï¿½Restorannya jauh, bukan saya gak mau ngambilï¿½Û 
Lha ya itu artinya gak mau ngambil, Bambaaaaang
Situ yang gak mau ambil order, napa saya yang disuruh cancel? @gojekindonesia ";0
@gojekindonesia Bukannya mau mematikan rejeki orang ya, cuma kalau posisi dia di maps daerah A tp ngaku di daerah B. Dikira saya gak bisa baca maps apa ya? Terus dia bawa teman saat jemput tanpa konfirmasi ya serem juga. Kalian gak kapok ya sama driver yang mati gegara dibegal penumpang?;0
@gojekindonesia Gabisa ngedm min:(;0
min @gojekindonesia akukan pesan gofood baso pake voucher yg potongan 12rb, trs yg dateng isi basonya cuma 3 biji biasanya klo beli langsung di tempatnya 1 porsi dikasih 5 biji. apa krna pake voucher jd basonya jga di kurangin?;0
@gojekindonesia kenapa tarif digojek saya tidak terpotong sesuai dengan voucher yang ada?;0
Sebel ih gw.. pdhl gw ga pernah tertarik make grab lho.. ga pernah macem2 ma akun gojek. Tp udah dua kali akun gojek gw diblokir gn @gojekindonesia;0
@gojekindonesia Min, kok tweet saya ga dibales ya? isi go pay, saldo kepotong, tapi go pay nya ga nambah. Gimana nih?;0
@biismasaputra @gojekindonesia @richbrian Wkqkwk mending beli sendiri di indomaret terdekat, dripada bayarin ongkos gojeknya;0
@gojekindonesia min saya mau hapus akun gojek saya gimana caranya ya?;0
@gojekindonesia belakangan ini  kalo mau order kenapa lama cari driver ya?;0
@trotoarian @makLambeTurah @aniesbaswedan @ntmc_polri @TMCPoldaMetro @DKIJakarta @DivisiHumasPol1 Kalau ini kira2 driver ojol @GrabID atau @gojekindonesia .. mohon di cek.;0
@gojekindonesia  Min saya kan isi Gopey tanggal 6 september, dan disitu tertera jika isi gopey 50rb akan dapat cashback 25rb. Tapi ko 25rb nya belum masuk masuk sampe tanggal 9 september ini yaa. Mohon bantuannya Min;0
Selamat malam, min mengapa saya mau bayar postpaid halo failed terus... mohon dibantu.... saya sudah DM @gojekindonesia @gojektech;0
@arienovianti Gw juga ga bisa karena ktp gw dilakban. Mungkin @gojekindonesia ga tahu kale kualitas E-KTP yg sangat buruk. ;0
@gojekindonesia jek gojek dm saya sejak maret tidak pernah dibalas. Cs mu ini macam mana. Kok user diabaikan gini.;0
"Selamat malam mimin @gojekindonesia 
Mohon bantuannya, Saya isi saldo gopay via mbanking sejak hari sabtu kemarin sekitar jam 4 sampai sekarang belum masuk, padahal saldo rekening saya sudah terpotong.
Terimakasih";0
@gojekindonesia Ga bisa DM...;0
@gojekindonesia min saya ingin login akun gojek tapi saya hanya inget emailnya nomernya lupa karna hpnya hilang udah lumayan lama gimana caranya?;0
@gojekindonesia min mau daftar resto ku ke gofood ngga berhasil2 yah pake gobiz;0
Selamat pagi min @gojekindonesia saya isi saldo gopay mulai tanggal 9 sampai sekarang ga nambah, udah email, telfon cs tetep ga ada kelanjutanya;0
@gojekindonesia @kitabisacom Min @gojekindonesia saya isi gopay mulai tanggal 9 sampai sekarang ga masuk saldonya, sudah email, telfon csnya tetep aja ga ada kelanjutan;0
@gojekindonesia kok twit saya yang ini ga digubris ya?;0
@gojekindonesia Top up cash webcomic pke gopay katanya cashback 100% tp pas udh top up ga ada cashbacknya :( beda bgt sm yg webtoon cashbacknya lgsg masuk..;0
"@GrabID Ah @GrabID cuma PHP aja. Akun putri saya ditangguhkan dg alasan ketidakwajaran. Di dm jawab akan dicek lebih lanjut, email banding gak ada jawaban. Parahnya lagi buat akun baru di hp tsb jg lsg ditangguhkan. Terpaksa sekarang dia install &amp; gunakan aplikasi @gojekindonesia";0
"@eddykelana5 @tempodotco @gojekindonesia Menurut gw, kalo @gojekindonesia ingin kehilangan pelanggan di Bandar Lampung khususnya ya udah lanjutkan . 
Minimal selama 5 hari kemarin driver gojek mogok, masyarakat Lampung pindah ke kompetitor ~";0
@gojekindonesia min sy beli pulsa di gopulsa kok gak masuk2 ini gimna ya? Dr smlem status on process mulu. Saldo gopay udh berkurang..gimna ini;0
@gojekindonesia min sya beli pulsa di go-pulsa kok belom masuk masuk ini gimana ya? Udah 9 jam de smlem. Saldo gopay sudah berkirang tapi pulsa ga masuk..gimana ini..;0
"@gojekindonesia min, masa sy 2x kena notif tuyul tgl 25 agu &amp; 4 sept? smpt kena sanksi ga dpt bonus 1 hari tgl 4 sep. masa history trip order begitu di sangka make tuyul, bisa akses mbanking lg, monggo cek history order sy smpe setahun ke blkg, order mana yg dicurigai pake tuyul? ";0
@gojek24jam gw 2x kena notif tuyul dan 1 kali kena sanksi ga dapet bonus 1 hari, history trip order begitu masa di sangka make tuyul, bisa akses mbanking lagi, monggo cek @gojekindonesia dm gw ;0
@elyyoland @gojekindonesia aliando bs ngirim gofut;0
@gojekindonesia emang upgrade gopay itu lama ya? Punyaku udah 5hari masa dokumen masih dikirim gitu;0
@arinahsnh @rionvnoir @yusrinacindil @gojekindonesia Yg salah diakhirnya ya pihak bank, kana da data nasabahnya...buat apa diblokir kan pas buka rekening ada ktp nya, tinggal dibuka aja datanya ketahuan semua alamatnya jecuali bank nya nerima buka rekening pake ktp palsu..lol. semoga rejekinya digantiin nerlipat2 ya mbak;0
"Ga tau dia kerja untuk @gojekindonesia atau @GrabID. Waktu gue nunggu ojol di  Indomaret Juanda Bekasi tadi (01:42), dia melakukan pelecehan seksual verbal thd. seorang gadis.

Tolong @kemkominfo @jokowi pastikan  penyedia jasa daring lakukan tes psikologi terhadap mitra kerja! ";0
@gojekindonesia pesenam F-516469125 ini gimanansih yg bawain gofood. udh jelas jelas pesen panas 2 with fries eh pas dateng ayamnya doang. udh jelas minta minumnya diganti bukan minta beli 2 eh malah beli 2. mana minta uang lebih lagi. bener bener kecewa. gak jujur banget;0
@gojekindonesia Kapan order fiktif ini di basmi jek,,, sudah banyak driver jadi korban nih.... ;0
Hay @gojekindonesia cuma mo kasi tau kalau area makassar mitranya  kena PM Massal. Gimana tu min? Dapat info juga kalau daerah lain juga seperti itu.;0
ngasi tau kalo udh ada 4 driver yg kena suspend grgr order tsb. Namanya juga udh malem trs dpt tlp kaya gitu otomatis meng-iya-kan biar cpt kelar. Nah ada yg ganjil. Gua matiin aja. Masa iya @gojekindonesia tlp ke mitranya pake nomer pribadi;0
@gojekindonesia min, ini gimana ya kl handphone ketinggalan di gocar tp drivernya tidak ngaku, pdhl udh di tlp itu jelas suara drivernya ???;0
@gojekindonesia kok saya daftar gofood udah 3 Minggu blm ada respon ya ? Setiap nanya ke pusat bantuan selalu balasan nya lagi di proses. Tolong dibantu, terimakasih;0
@gheaayundaa @gojekindonesia Sedih bangeeet msh banyak driver yg ga bisa kasih feedback baik ke kita tuhhh?ï¿½ï¿½ï¿½ sama sama butuh loh padahal;0
@gojekindonesia Penarikan saldo GO-PAY di rekening ponsel IDR: 250000 kok malah eror y pas dicoba masuk lagi malah gk bisa ditarik saldonya malah jadi 20000 gimana y ini @gojekindonesia;0
"@dewimaulati @gojekindonesia gw pernah di cancel abangnya padahal dia udah di depan gw :""";0
@gojekindonesia permisi min sy barusan ketipu akun gopay saya tersedot habis, mau report gimana ya;0
@YoGojekYo @gojekindonesia Mmg ada kesalahan sistem bang, terutama utk pemain GF. ;0
@__anjar @gojekindonesia aku pagi ini mau order pake gopay ga bisa ?ï¿½ï¿½ï¿½;0
Kenapa gopay saya gak bisa dipake ya? Padahal isinya ada @gojekindonesia;0
@gojekindonesia gopay kok error ya?;0
@gojekindonesia ini drivernya belom pick up, gak tau dimana, ditelpon rijek terus. Masa udah on the way. Gak bs dicancel. Tolong dong gojek. Bukan masalah uangnya. Tp kelakuannya. ;0
@hatmaprizaa @gojekindonesia Punyaku ampe tak uninstall terus install lagi eh tetep aja -_-;0
Please... Diluar sana banyak sekali yg antri unt punya akun @gojekindonesia yg uda punya, dijaga ya. Dan jangan smp di perjual belikan!!;0
Penipuan baru via Line, yg mengatasnamakan @gojekindonesia hati2 teman2 sekalian. ;0
"@IwagEvolution Seharusnya pemkot bisa sweeping sih, jadi bisa ketangkep. .
Disitu aja ada driver si @gojekindonesia, tapi ga bisa ngoceh apapun adminnya..";0
kok gabisa sih vouchernya? @gojekindonesia ;0
@gojekindonesia DM gk dibaca2 ??  customer service nya kemana semua ??;0
"Et dah @gojekindonesia @gojektech ,kemaren seharian kaga dikasi order sama skali,eh sorenya dipotong donk saldo driver..padahal sengaja di top up buat pegangan kalo2 ada order cash masuk..STOP,jgn suruh hub driver support, krn mereka ga bisa ngapa2in jg ""katanya""";0
@dinahutagalung @Reiza_Patters @gojekindonesia @HumasPolri Harusnya share jg kronologinya biar jelas duduk perkaranya, biar publik bs menilai dan menimbang. Ada sebab pst ada akibat.Kalo model posting kepceran tanpa ceritakan kronologi terkesan ada yg ditutupi. Semoga pihak @gojekindonesia investigasi kronologiny;0
"@gojekindonesia halo gojek. Semalam ada yg hubungi saya (tapi ga saya angkat) dan akun wa dia gini. Bersamaan dengan itu ada popup muncul di hp saya bertuliskan kata gojek dan sederet angka yang tak sengaja saya klik 'OK'

Apakah akun saya berpotensi kena hack? ";0
"@L_hakiym @aban69ojek @gojek24jam @dinahutagalung @gojekindonesia @HumasPolri Kl mbaknya ngensel pk pilihan ""driver tdk mau"" Toh performa jg turun";0
@gojekindonesia saya mau tanya. Barusan saya topup gopay melalui mandirionline tp kenapa belum masuk yaa di aplikasi gojek saya gopay nya;0
@dinahutagalung @aban69ojek @gojekindonesia @HumasPolri tinggal cancel aja ribet..ntar kan bisa order lagi..siapa tau drivernya bener 2 butuh uang...;0
@dinahutagalung @dobelden @gojekindonesia @HumasPolri Yg seperti ini juga impact dari jargon customer adalah raja perajuk;0
@dinahutagalung @Baflo18 @gojekindonesia @HumasPolri Kok tinggal cancel aja susah amat mbak... Yang di posting jangan ancaman pembunuhan aja dong.. kronologis nya Gimana?;0
@amcay_immer @RaineMbleketek @dinahutagalung @AmbarwatiRexy @gojekindonesia @HumasPolri mungkin blm sempet. kl liat chat nya itu cpt bgt ngancem nya. dlm 2mnt. hehe..;0
@gojekindonesia keluhan sy dg nomor tiket 16426422 sejak 20 sept gak ditanggapi. Hanya dijawab mesin. Sy follow up di nomor tiket 16473897 jg gak ditanggapi.;0
@dinahutagalung @gojekindonesia @HumasPolri Ngtwit terakhir 2017. Trus 2013. Ini twit pertama di 2019. Show yourself dulu. Dan kasi tau kronologisnya please.;0
@dinahutagalung @gojekindonesia @HumasPolri Kronologis nya seperti apa ya kak?;0
Seenggaknya maps menuntunmu ke tempat tujuan dg jalan yg emang mengarah kesana wkwk. Btw itu videonya aku ambil sembunyi2 makasi mas gojekkk @gojekindonesia;1
Terima kasih @gojekindonesia sudah membiayai uang kuliah saya, tak terasa sudah sampai ke tahap akhir.;1
@TaliUdeng @gojekindonesia @GrabID Pesaing bru grab dn gojek, drivernya cewek , sexy lg. Klo drivernya kyak gini kira2 penumpangnya bgmn yach ?ï¿½ï¿½ï¿½?ï¿½ï¿½ï¿½?ï¿½ï¿½ï¿½?ï¿½ï¿½ï¿½?ï¿½ï¿½ï¿½?ï¿½ï¿½ï¿½?ï¿½ï¿½ï¿½;1
@NadhirahShazlyn and i have come to a conclusion, the world needs go-clean makeup. @gojekindonesia hire me im a genius.;1
@raflywigusta @e100ss @GrabID @gojekindonesia Ini namanya manusia sesungguhnya. Salut ya.;1
Assalamualaikum dlm rangka #JumatBerbagi #DariDapurUntukIndonesia madam2 @WomenUltimate Menyediakan makan siang Gratis stlh Solat Jumat kpd Tmn2 @gojekindonesia @GrabID silahkan Merapat ke apartemen cemara no 23-25 menteng krn dsni madam2 ketjeh dari TUW akn berbagi maksi Gratis ;1
"#bonus #harian #gomassage #golife #gojek ... 
jangan lupa untuk download aplikasi @golifeindonesia by @gojekindonesia  nggih untuk layanan pijat #profesional ";1
@BMHenriyadi Hai Bayu, kritik dan saran dari Anda telah kami sampaikan kepada tim terkait agar dapat dilakukan perbaikan untuk kepuasan Anda. Tks ^Shl;1
"@gojekindonesia Iya evaluasi aja lagi, kembali ke sebelumnya, tidak perlu ada minimum pembelian?ï¿½Ô
Agar costumer tetap nyaman dan setia pake gojek :*";1
Tq kaka @gojekindonesia , mantab promonya mantab drivernya;1
@monichamaya @gojekindonesia Udah coba telepon csnya may? Sepengalaman pribadi, kalo komplain cuma via medsos kurang respon soalnya.. Emang nambah biaya nelepon sih tapinya;1
"@askmenfess Mending jadi decacorn kayak @gojekindonesia &amp; @GrabID";1
aku jg udh dpt info klo bpk hamdan udh di suspend sm @gojekindonesia terimakasih untuk tidak cepatnyaa!!;1
Kereeen banget asliiik mainnya gak pake tembak-tembakan, mau ngakak liat Arief udah mulai hoot #GoGamesTime @gojekindonesia;1
@mandiricare Gw cuma megang 7 rebu tadi. Laper bgt, akhirnya cuma makan tempe mendoan sama teh manis. Pulang bawa 2 rebu. Untung ada @gojekindonesia;1
"@agramaaa @gojekindonesia No gus :)
Mau @gojekindonesia mau @GrabID , walaupun diantar makanan jam segini gratis tetap gamau makan udh tengah malam :)";1
"Selamat pagi @Transsemarang 
Pagi ini sikecil berangkat sekolah minta naik BRT, pakai Gopay @gojekindonesia cashback 50% asikkk.. ";1
@RahmatSHidayat7 @jokowi Ayolah @gojekindonesia  yang katanya karya anak bangsa bantu bapak ini mendapatkan pekerjaan ya;1
dpt notifff , kirain dr kamu eh taunyaaa:( @gojekindonesia mah ngertiin bgtt:') ;1
"Gila y inijam set2 w laper laper pesen gofood. Mangstap?ï¿½Ô?Ùï¿½
@gojekindonesia makasih selalu menemani kapanpun dimanapunï¿½ï¿½? ";1
@soalperut @andesh_ @kirekswasta @yukeeofn @eckyalimansyah @playground78910 @DennyYap1 @taehyungnunaa Engga tau saya ada atau ga hukumnya, yang penting udah di pecat dari @gojekindonesia, berarti saya bisa ucapkan Alhamdulillah. Punten saya mau tidur lagi, karna nanti pagi saya harus bangun dan menikmati weekend. Hqppy weekend kalian semua ï¿½ï¿½?;1
@strechmarc @GrabID @gojekindonesia Digojek saya daper voucer;1
@strechmarc @GrabID Males min. Aku mau pake ojek aja @gojekindonesia;1
Terimakasih @gojekindonesia midnight masih setia nganter makanan pakai gofood;1
"Seseneng itu Kedai Sake Cisaladah sudah available di Gofood~ @gojekindonesia
";1
@zeyenggg @gojekindonesia Keluarga senang ?ï¿½?ï¿½;1
Dear @gojekindonesia , malam ini yg harusnya istirahat tp bapak ini masih aja ngebid. Plis kasih rewarddd. Orang pekerja keras.... Salut #gojek #ojol #ojekonline ;1
"terlepas dari pesan yg di sampaikan. ini knp pada bawel bgt sama grafisnya si, sbagai desainer gue tau banget rasanya bikin ucapan mendadak gini, apalagi berita duka cita, pahami konteksnya aja knp si daripada ngurusin desainnya.
bagus kok ini, kayak pada bisa bikin aja!";1
Foto di asia afrika bandung bisa pke gopay. Keren @gopayindonesia mantap buat @gojekindonesia;1
@gojekindonesia Min promo juga donk buat GO CAR, untuk kota makassar kondisi dilapangan kalah julmlah pelanggan cengan tetangga. Thanks;1
Saya yakin, ada banyak generasi +62 yang smart-smart, yang siap adu ide dalam mengatur kerja ASN berbasis aplikasi. Bila perlu, undang secara khusus pemilik @bukalapak, @tokopedia, @gojekindonesia, @GrabID, @bliblidotcom, dlsb,;1
@yoom_a Pasti ada jalan, Terima kasih @gojekindonesia haha;1
@lkmnhkm Hai Lukman, terkait dengan voucher yang diberikan hanya diperuntukan kepada pelanggan terpilih yang beruntung dan untuk voucher diberikan berdasarkan sistem. Terima kasih :)^yni;1
"@bucinfloat Ijin tak save alamatnya nggih mbak...suatu saat traveling ke yogya insya alloh mampir.
Coba jualanya pake app gofood
@gojekindonesia siapa tahu omset pnjualanya naik.skedar info,di sekitar tmpat tinggalku jualan2 kuliner sjenis ini jg sdh merambah ke aplikasi.";1
"Duh masa suka pake semua fitur gojek ga dapet point.
Oke Gojek keluarin GoPoint.
Dari anak-anak hingga dewasa, lagi hypenya esport, kemarin tuh baru launching GoGames!
Mungkin selanjutnya ada fitur denger lagu juga, namanya GO-SONG! @gojekindonesia";1
@gojekindonesia Terima kasih respon nya min.. Kendalanya sudah teratasi dan saya sudah kenyang. Tks @gojekindonesia;1
@auliahidayati @gojekindonesia Wahhahahaa tydak akan pernah kelain hati;1
Jam segini tibaï¿½? kangen kupat tahu dikasih kari sedikit, yang dijual babeh di warmo depan unikom, bumbu kacang dicampur kari tambah bawang dgn kerupuk sekaleng.  Duh gusti andai aku rich brian pasti @gojekindonesia sudah mengetuk rumah bawain kupat tahu. Gojek peka ga ya kiraï¿½? ?ï¿½ï¿½?;1
@twelvegarnet @gojekindonesia pernah dulu nganter papa mau kontrol ke rs, sama driver nya mau digratisin buat kita nya karna udah ngurus bapaknya yg sakit :(;1
@GretaThunberg Indonesia need @gojekindonesia to campaign go-green ?ï¿½Î;1
@twelvegarnet @menINblock0 @gojekindonesia smoga dilancar terus rezekinya ya pak dan smoga yg sakit cepet disembuhkan. amin ?ï¿½ï¿½?;1
"@twelvegarnet @gojekindonesia -gamau
Aku udah maksa bgt karna merasa sangat terbantu.
Tapi saat itu aku terlalu kalut dan gelagapan juga, jadinya lupa nge SS Driver nya ini siapa :(
Cuma sampe kasih bintang 5 di apps aja :(
Dom aku Banjarmasin.";1
"@twelvegarnet @gojekindonesia Jadi ingat waktu ngantar Alm. Om buat rawat inap yg terakhir, kondisi beliau waktu itu sdh ga capable buat berdiri.
Driver gocar kita bantuin banget dari keluar-masuk mobil, ngedudukin ke kursi roda dan waktu itu kehabisan gopay, pas mau ku bayar doi gamau :)
-cont";1
makan siang nikmat di rumah. dpt seblak dr @GrabID . jemput adik. beli @JanjiJiwaID pake @gopayindonesia mayan cashback 30%. ngerjain tugas dgn tenang. disamperin temen deket. dijemput pake @gojekindonesia . dinner sama temen deket banget. nonton sm doi di @EPlazaSMG . Thanks;1
@febriancrisna @gojekindonesia Alhamdulillah dah kenyangg;1
@hafifahprmtsr @GrabID Mari beralih ke gofood kak rasakan voucher promo gratis ongkir dan potongan harga jika memakai Go-Pay :) @gojekindonesia;1
@notyourkinda @gojekindonesia Serem seru cuy;1
@twelvegarnet @gojekindonesia Akupun pernah dpt driver yg baik bgt gam dikasih buat bayar. Tengah malem mertua anfal, si driver bolak balik tlp ktnya takut order fiktif smp gw suruh masuk ke rmh,mertua buat ngeliatin kondisi mertua, akhirnya malah dia bantuin gotong bawa ke mobil smp ke ugd;1
@gojekindonesia Problem solved! Thanks gojek. Thanks jg udah di folback! Gercep abiss;1
@gojekindonesia Stabil dan kuat bgt kok. Template ah jwbnnya mimin huf;1
Pertama, jarang ada momentum yg sebesar ini utk step in menjadi pahlawan. @gojekindonesia @gojektech;1
@elvirrav makasih gojek @gojekindonesia;1
Hargai pengorbanan driver @gojekindonesia  ini demi ngantar @SangPisang2017 mu, mas @kaesangp ;1
Helm @gojekindonesia lawak nih. Caper minta dipegangin mulu :( ;1
@gojekindonesia emang lagi igab igab saldo gopay min? ;1
@gojekindonesia emang membantu kalo lapar di dini hari gini. Cinta dehï¿½ï¿½?ï¿½ï¿½ï¿½ï¿½ï¿½?ï¿½ï¿½ï¿½ï¿½ï¿½?ï¿½ï¿½ï¿½ï¿½ï¿½?ï¿½ï¿½ï¿½ï¿½ï¿½?ï¿½ï¿½ï¿½ ;1
@ratihsrtka @gojekindonesia Alhamdulillah istriku kerja jadi gojek;1
@Arifhoo13 @gojekindonesia Pasti mau order seblak kesukaan ?ï¿½?ï¿½?ï¿½?ï¿½;1
makasi abang gojek udh mau ngasih mkn w yg laper tengah mlm, luv ya gojek? @gojekindonesia ;1
@ragilrahasto @khairinadiar Aman mas drivernya pas aku telfon langsung inisiatif nyamperin dan pas datang suruh cek kembali isi dompetnya. Terimakasih @gojekindonesia ï¿½ï¿½ï¿½ï¿½ï¿½ï¿½;1
Terima kasih @gojekindonesia untuk kesigapan bantuannya via call center. Terima pak driver yang baik hati. Semoga banyak rejekinya pak. Dan terima kasih @khairinadiar untuk kesigapannya. I love gojek but I love my gf more. ?ï¿½?ï¿½?ÙÈ‰ï¿½?;1
jam berapa tweet aku sebelum ini, weeeww cepat sekali sampainya. thank u both @HalodocID @gojekindonesia ;1
"#cerita 
Mencoba beritikat baik ke mama dengan memesankan pizza, pesanlah daku ke gojek dengan romantisnya. Beruntungnya memiliki @gojekindonesia ";1
"Terima kasih utk respon yg cepat, @gojekindonesia !! ?ï¿½Ô?Ù??ï¿½Ô?Ù??ï¿½Ô?Ù?
gara2 panik hape ketinggalan di Gocar, tp driver sigap utk mengamankan sampai diantar kembali ke rumah. ?Ùªï¿½?Ù?";1
@gojek24jam @LZoulid @gojekindonesia @kejO_Online @YoGojekYo @kumparan Barakallah.... Masih banyak masyarakat Indonesia yg baik dan berhati mulia?ï¿½Õª;1
@ratihsrtka Alhamdulillah GOJEK sadar kesetaraan wanita @gojekindonesia;1
Menjadi hedon gara gara promo @gojekindonesia;1
Mungkin @gojekindonesia @bukalapak @tokopedia mau gantikan posisi Djarum? Tp pencari bakat tetep dari PB Djarum aja. ;1
Urusan cuci, ganti aki, dan tune-up mobil dan motor, serahkan aja ke GoAuto! Bayarnya mudah lagi via GO-PAY yang bisa diisi ulang di ATM Bank Panin terdekat @PaninBank @gojekindonesia #tipsPRIMA;1
@gojekindonesia ayo min banyakin lagi voucher makan nya ?ï¿½ï¿½ï¿½;1
"seharian udah order gofood 3x
pagi beli cempedak
siang beli somay
sore beli pizza hut double box reg
terimakasih @gojekindonesia membantu kaum2 mager sepertiku wkwk";1
nga jd gojek ada promo @gojekindonesia luph u ï¿½ï¿½ï¿½?ï¿½?ï¿½?ï¿½ï¿½ï¿½?ï¿½ï¿½ï¿½?ï¿½?ï¿½;1
@Aprilliamalik_ @gojekindonesia FYI, sejak awal September tarif ojol se Indonesia sdh disesuaikan o/ pemerintah.;1
"voucher maksimal 9rb dong! kalo jaraknya deket jadi seribu doang pake go-pay ?ï¿½ï¿½?
terima kasih @gojekindonesia";1
@drafitrandi Ide bagus @gojekindonesia plis kirimin nasi padang medan baru;1
@ucancallmeapril Adakah rencana fitur go-wake? @gojekindonesia;1
@auraraurr @gojekindonesia halo, di sini ada sumber daya manusia yang tidak mudah menyerah dengan keadaannya sebagai mitra gojek.;1
"@Azmiabubakar12 Terlepas dari polemik @KPAI_official dan @PB_DJARUM, sudah waktunya pelaku bisnis Indonesia yg lain turun mensponsori dunia perbulutangkisan.
F1 dan GP motor saja bisa lepas dari sponsor rokok.

Unicorn2 Indonesia macam @gojekindonesia atau @traveloka bisa turun tangan";1
"""Pesanannya sesuai aplikasi ya...""
Gojek Driver in my hood :

(Cc : @gojekindonesia) ";1
@tutupslurpee @gojekindonesia Naik berapa persen memang;1
@detikcom Ide Program valentine buat @gojekindonesia kalo bisa sekalian anter bunga ?ï¿½ï¿½ï¿½;1
@kumparanMOM Panggil go clean, pesen gocar buat istri ketemu temen2, pas istri pulang pesenin go massage, hidup itu harus pinter apalagi kalo ada @gojekindonesia *gojek tolong endorse, aku miskin :(*;1
@WomenUltimate @gojekindonesia @GrabID @Berkaryanetwork Alhamdulillahirrobillallaamiin bisa berbagi Di Hari Jumat Barokah ?Ùªï¿½?Ùªï¿½;1
@WomenUltimate @gojekindonesia @GrabID @Berkaryanetwork Masya ALLAH TUW membawa keberkahan untuk semua orang ?ï¿½Ô?ï¿½Ô?ï¿½Ô?ï¿½Ô?ï¿½Ô?ï¿½Ô;1
@YoGojekYo @gojekindonesia Semoga @gojekindonesia gercep;1
@nonaaaaaaaay @mas_ovic @ZoneVenomWar @gojek24jam @gojekindonesia @ghephuk @GojekOnTwitt @priyagung_jp Salfok sama jaket dan helmnya, stoxknya banyak ya? Kol di Pekalongan masih belum ada, kita masih pake yg lama;1
Terima kasih, karenanya sudah bisa membantu menghidupi kami ! Driver ojol @GrabID @gojekindonesia ;1
@dewimaulati @gojekindonesia so, welcome back to jakarta? ?ï¿½ï¿½ï¿½?ï¿½ï¿½É‰ï¿½ï¿½?Ù?;1
@AjeyGore @gojektech @gojekindonesia Nice ?ï¿½Ô;1
"@YoGojekYo @gojekindonesia Sory hu mlm"" ganggu...Alhamdulillah,ane msh di srh cri rezeqi di jln,ane msh boleh maen di jalanan.Brusan di bukain lg akun ane";1
@gojekindonesia Ni aku tambahin lagi ;1
@gojekindonesia Besok - besok gua akan lebih sering lagi kirimin dia makan siang, dalam sebulan bisa ngecover uang bensin nih.;1
"@gojekindonesia Gua beliin dia makan dengan promo dll nya yang hanya gantiin Rp. 25.000 + 10.000 (Tip buat abang @gojekindonesia ), tapi gua dapet Uang Rp. 50.000. gela... untung Rp.15.000 yang mana keuntungan gua hampir 50% dalam waktu kurang dari 24jam. 
Gokil....";1
@gojekindonesia Niat gua pure karena ingin berbuat baik, tanpa ngarepin apa - apa, sampe tadi malam dia sms gua;1
"@gojekindonesia Mencoba menjadi misterius gua juga ga bilang kalo gua kirimin dia makan siang, gua bilang ke abang @gojekindonesia  ""Bilang aja ada kiriman makan siang dari fans nya""";1
Dengan niat yang baik pula akhirnya gua membalas kebaikannya dengan kirimin dia makan tadi siang by @gojekindonesia  (Seperti yang selalu dia lakukan ke gua);1
"Ada voucher Rp 5.000,- yang bisa kamu dapetin di App @GojekIndonesia kalo masukin kode promo YOGYAKOMTEK19.

Voucher dapat dipake memesan GoRide untuk anterin kamu ke @JogjaExpoCenter dan kemana saja.

#Yogyakomtek2019 #PromoYKT19 ";1
Saya percaya penyebab saya gendut,  berat badan naik secara tidak sadar gara2 aplikasi @gojekindonesia dan promoan @GrabID apa2 jadi singkat banget mau makan apa!!!!;1
Alhamdulillahirrobillallaamiin, Acara #DariDapurUntukIndonesia Jumat 6 September 2019 berjalan lancar. Banyak teman2 dari @gojekindonesia dan @GrabID yang hadir setelah solat JUMAT.  Terima Kasih Semua yg Sudah berpartisipasi untuk acara ini, see you next Friday @Berkaryanetwork ;1
"Kalau kita semakin sering beramal lewat GoGive, ke surganya diantar pake GoCar, GoBike, GoBluebird atau GoBox min ?

@gojekindonesia";1
Semenjak ada paylater dari @gojekindonesia apa apa jadi gampang dan mudah. Ngerasa lebih irit Dan functionable banget. Lumayan lah bikin ngirit!;1
@YoGojekYo @gojekindonesia Cirebon juga sama bang, tapi allhamdulilah akun saya aman hehe;1
@AjeyGore @gojektech @gojekindonesia Nice! Will try on my next visit.;1
@dewimaulati @gojekindonesia Nah makannyaa semenjak itu uda bener bener blacklist gojek karna uda beberapa kali dikecewain, prefer grabsi kalo skrg huhu;1
INI SANGAT MENGUNTUNGKAN BGT UNTUK GUEEEE!!!! KOK GA ADA LAGI SIH????? @gojekindonesia;1
@nnormannn padahal go food bae bisa nyampe, ye gak jek? @gojekindonesia;1
@prakoso_bandar @SoundOfYogi @gojekindonesia K1A gunung nona om ?ï¿½ï¿½?;1
"@wandi_wi @dinahutagalung @firmanyursak @gojekindonesia @HumasPolri Cb liat prcakpannya..
Mgkn ada prckapan trhapus ato sengaja di hpus sblmnya. msa iya tiba2 si ojol lsg tulis spt itu?";1
"@wandi_wi @dinahutagalung @firmanyursak @gojekindonesia @HumasPolri btul salah krn tlah mengancam.
tp sdtknya kan hrs tau jg mslhnya koq smpe bgtu.
Jd kita jgn liat mslh itu dri stu sisi doang.";1
"@Fahrihamzah Go-food pakai @gojekindonesia aja

#pastiadajalan";1
@junhoeatd @lenyrahma @gojekindonesia liat dong;1
Laper tp mager masak?ï¿½ï¿½? blm mau buka cabang sampe europe apaaaaah @gojekindonesia;1
@JarangTupo @gojekindonesia Duh gagini juga bambang?ï¿½ï¿½ï¿½;1
@redditindonesia @gojekindonesia Woah. Thank you kind sir ?ï¿½ï¿½ï¿½;1
@L_hakiym @aban69ojek @gojek24jam @dinahutagalung @gojekindonesia @HumasPolri Betul;1
Do ur magic twitttter :ï¿½Ûï¿½Ûï¿½Û @gojekindonesia plis cari tau bapaknya baik bgtttttt. Sehat terus pak! ;1
@artemyssss @gojekindonesia Selamat ultah mas!;1
@junhoeatd @gojekindonesia please kasi reward ke bapak ini dong?ï¿½ï¿½?;1
@zaraJKT48 @gojekindonesia kamu gamau anterim pecel ayam buat Zara apah kayak pas dulu kamu anterin ke @richbrian ?ï¿½ï¿½ï¿½?ï¿½ï¿½ï¿½ Kasian Zara mau makan pecel kaaa;1
@MasCEPUK @gojekindonesia @Fahrihamzah Gue khawatir beliau kelaparan disana. Wkwkwk. Semoga bisa hidup sampai matahari terbit;1
@Fahrihamzah @GrabID  Dan @gojekindonesia  Gak minat kirim makan Malam buat bapak Satu ini ?;1
@adelladellaide Telp call center @gojekindonesia solusinya;1
@dinahutagalung @PantunJ2P @gojekindonesia @HumasPolri Awal mula nya gmn sampai keluar ancaman kyk gitu, gak mgkn ujug2 main ancam spt itu;1
@dwisetiawanri @gojekindonesia Min Nii Pak @Fahrihamzah Coba ditawarin, kali aja laper.;1
@Its_Daviid @gojekindonesia Iya kacanya gampang baret..  Lebih baik plastinya jngn di buka.  ?ï¿½ï¿½ï¿½;1
@JarangTupo @gojekindonesia gampang baret gak bang, helm baru ane blm dicoba;1
@tampanselaluu @SoundOfYogi @gojekindonesia Dari pangkalan mana om @tampanselaluu;1
@dinahutagalung @gojekindonesia @HumasPolri Selama ini sy pakai grab/gojek alhamdulillah baik2 aja semua. Utk bike, send, ato pun food. Sy sih ga bela kiri kanan krn ga tau persis nya. Tp kl liat di mall2 abang2 online food lagi antri panjang, kasian banget. Melas saya. Parkirnya jauh, belinya antri, kadang cuma sedikit.;1
@redditindonesia @gojekindonesia Lah iyak;1
@jenouguts @gojekindonesia MAKASIHH YA UDAH BANTU TAG ?ï¿½ï¿½?;1
@fresiatuft @tubbirfess @GrabID @gojek24jam @gojekindonesia @budimandjatmiko ?ï¿½?ï¿½?ï¿½?ï¿½penjelajah waktu;1
@gojekindonesia maaf min ini gimana cara dm nya... ;1
@fresiatuft @tubbirfess @GrabID @gojek24jam @gojekindonesia @budimandjatmiko Time machine is real..;1
@nakamodol @gojekindonesia halo admin halooO @gojekindonesia;1
"@RahayuPertiwi3 @DenaNuryasha @infoPKU @gojekindonesia Semoga bisa ketemu ya,,
kok bisa di pekanbaru RIAU ada maling";1
@gojekindonesia min cara hapus akun atau menonaktifkan gimana ya?;1
@Tha88Tha Mohon untuk infokan detailnya melalui DM ya. Tks^feb;1
@Tha88Tha Hai Tha, agar dapat kami lakukan pengecekan bisa infokan no hp, email dan nomor ygt mengatasnamakan Gojek melalui DM ya. Tks^feb;1
Program go give nya @gojekindonesia bagus banget ya ckckck;1
@fresiatuft @tubbirfess @GrabID @gojek24jam @gojekindonesia @budimandjatmiko Anjir teleport darimana bisa back to masalalu?;1
@andricahyani92 Hai, silaka coba DM kami kembali ya. Tks^jhn;1
@andricahyani92 Hai Andri, silakan informasikan nomor telepon, e-mail terdaftar, dan alasan Anda via DM ya. Tks^Jhn;1
@gojekindonesia suda senang dapet notif begini tapi ...... ;1
@faishaldc11 Hai, silakan coba kembali ya. Tks^Jhn;1
@gojekindonesia mohon arahannya, saya mau menghapus akun karena ada 2 akun yang saya miliki;1
@molana23_ @gojekindonesia Emang udah paling bner lu di panggil mba.;1
@faishaldc11 Hai, perihal tersebut silakan informasikan nomor telepon dan e-mail Anda yang terdaftar via DM ya. Tks^Jhn;1
@rchprk_jimin @gojekindonesia Aah kirain belum bobo;1
@rainnism_ @gojekindonesia Inii baru bangun kaa:(;1
@rchprk_jimin @gojekindonesia Racih.... bobo;1
KAPAN ADA PROMO LAGIII BOKEK:( @gojekindonesia;1
@nardii_sunardi @imanlagi @GrabID @gojekindonesia Y ga kasianlah kalau penumpang sampai kasih bintang satu mah, berarti ada sesuatu yg fatal.;1
@DeliazAgunG @gojekindonesia @XiaomiIndonesia Wah menarik nih ?ï¿½ï¿½ï¿½;1
@bukanasam @muzdaffar @gojekindonesia Yang benar dong  katanya karya anak bangsa @GrabID;1
Cuma mo bilang makasih @gojekindonesia ;1
Lagi musimnya demo, semoga tidak membahayakan nyawa orang ya disana! Khusunya para ojol, hatihati ?ï¿½ï¿½? @GrabID @gojekindonesia;1
@fiknad @gojekindonesia Kaga bisa gua retweet sih hahaha;1
"@GrabID Jalan jalan ke mall
Perginya bareng pacar
Dapat ovo sumbangin temen buat amal
Males pake grab, mending go-car

#NgemallNaikGrab
@richbrian @gojekindonesia @jokowi";1
Hari ini seharian keliling dianterin @gojekindonesia. Mantap i love promo hahaha ;1
@Reziii_ @gojekindonesia Isiin punya aku kak saldo gopay 50rb makasih;1
@tasyaacamila @gopayindonesia @gojekindonesia Calon calon ngajuin paylater;1
"@tubbirfess ""kejadian apapun dan dimanapun, pasti selalu ada abang ojol"" 

Ternyata statement ini bener guys. Abang ojol selalu ada di setiap peristiwa. Pas kerusuhan 97 juga ada abang ojol?ï¿½ï¿½ï¿½ @GrabID @gojek24jam @gojekindonesia bener gak om? @budimandjatmiko ?Ùªï¿½ ";1
@gojekindonesia halo bisa buka dm?;1
@gojekindonesia min jam segini cs nya emang masih ada ya? Tadi barusan saya ditelpon kata nya dari gojek dan akun saya langsung terhubung ke perangkat nya ;1
"jalan jalan ke mall
 perginya bareng pacar
 kalo mau harga aktual
 mending GRABCAR dari pada GOCAR
";1
@YoGojekYo @gojekindonesia Gw udah pernah liat bang. Dari samping kiri ok. Yg ga enak diliat dr belakang sama samping kanan, keliatan cungkring bagian kaki (ban belakang terutama) coz ga ada knalpot. Soal suara, silent bener kek bawa migo.;1
@gojekindonesia Terimakasih min;1
@WITH12ONE @gojekindonesia MIN BANTUIN DONG INI BISA DILACAK LEWAT AKUN GOPAYNYA GA YAK;1
Thank u @gojekindonesia kalau bisa setiap hari kasih aku diskon goride terus ya biar beban kalo berangkat kuliah ga berat2 banget ?ï¿½ï¿½Ñ‰ï¿½ï¿½ï¿½ï¿½ï¿½;1
"@Naa2512 @bukanasam @liquorch @gojekindonesia Gojek pm bisa banding, grab pm ya udah, ga bisa apa2Tanya ke kantor bilangnya sistem, CSnya juga ga bisa jawab apa2 selain ini ""sistem pak, saya ga tau apa2""?ï¿½?ï¿½?ï¿½?ï¿½?ï¿½?ï¿½?ï¿½?ï¿½";1
@Raeeitas Hai Rama, apabila Anda sudah mengajukan pendaftaran, mohon kesediaannya untuk menunggu informasi selanjutnya atau Anda bisa email ke gofoodpartners@go-jek.com. Terima kasih^yni;1
@gojekindonesia min gimana cara ganti pin gopay kl lupa?;1
@bukanasam @flaveescent @gojekindonesia @gojekindonesia udah pakai Google Cloud Platform tapi masih aja miss kek gini, mertua juga pernah kena suspen gak jelas tiba2 aja padahal lagi nganter gofood.ehbtolong dong  IT @gojekindonesia jangan nganggur, kerja kerja kerja dong. dibayar mahal kan !;1
@rihan_gomess @bukanasam @gojekindonesia yaiyala sambil dibawain seblak ama chatime;1
"@bukanasam @takbersyp @gojekindonesia @gojekindonesia : ayo donggg 
Di tanggepin minnn";1
@vierda Akun @gojek24jam itu bukan akun resmi Gojek...Yang bercontreng ijo adalah @gojekindonesiaDan si gojek24 sudah menebar fitnah. Tanpa berani klarifikasi;1
Buat @gojekindonesia saran saya supaya Gofood wajib pakai Gopay aja. Kejadian bayar tunai sering terjadi cancel kaya begini ;1
gue penasaran gimana kalo @gojekindonesia follow gue :3;1
Menurut w sih itu akan mubazir, saran w ga perlu ada food stall, tamu yg dateng di order go food, @gojekindonesia grab food @GrabID pakein kode voucher, pakein cash back, smua kepengen tamu kesedia, coba aja ya, heu ;1
Wah, udah hari senin. Ayo2 para pelajar yang hari ini ada ulangan atau tidak harus belajar yang giat. Biar nanti lulus bisa masuk @GrabID atau @gojekindonesia;1
@Humamaira Percuma cashback kl gaada saldo gopay nya. Ini org gojek gamau giveaway-in saldo gopay apaaaaa @gojekindonesia;1
@faizaufi Halo @gojekindonesia;1
Jam 2 dikampus udah pada tidur mau pulang gojek selalu ada. @gojekindonesia ;1
@bukanasam @gojekindonesia Semoga cepat terselesaikan masalahnya kak! Amiinnn.;1
@bukanasam @Go_Njreng @gojekindonesia Lapor ke kantor aja bang..biar jelas duduk perkara nya kenapa..saya dulu pernah d suspen banding ke kantor Alhamdulillah d terima..d suspen karena beli gofood d kasih ?ï¿½ï¿½ï¿½ 1..alasan nya makanan GK nyampai..;1
@bukanasam @sukakacangg @gojekindonesia Langsung datang ke kantor nya aja mas. Kalo emang om lu merasa ga langgar kode etik, ajuin aja. Jgn takut salah #salamsatuaspal;1
@hobitright @gojekindonesia bukti pak tambunan membelikan buburnya.;1
@zvanyathee @gojekindonesia untuk apa pap bubur ?Ùªï¿½?Ùªï¿½;1
@hobitright @gojekindonesia berasa ngmgin bapak aku pak tambunan WKWKWKK nanti bubur nya pap yaaa;1
@Virgo07850581 @haupik @rezawidyan @bukanasam @venicebiittch @gojekindonesia Judul lagu bukan?;1
@zvanyathee @gojekindonesia iyaaa tolong bilangin sama bapak tambunan yah ?ï¿½ï¿½??ï¿½ï¿½??ï¿½ï¿½?;1
@gojekindonesia @gojekindonesia saya sudah daftar online...brapa lama ya dpat notif sms u langkah selanjut nya...makasih;1
@datblackchilli @gojekindonesia @GrabID astaghfirullah dah bagus bagus disensor?Ùªï¿½?Ùªï¿½;1
Kalo udah larut malam mending jangan cobaâ€ liat app ojol food, bikin pikiran dan dompet terganggu (walaupun perut happy ending);1
Btw thx @gojekindonesia @gofoodindonesia voucher nya, serasa gak ngeluarin duit untuk ne mie goreng ;1
"(seringâ€ donk ngasi voucher nya pls ðŸ˜¬aku serius) https://t.co/2XcRMilBvs""";1
@gojekindonesia Sayangnya gojek gak ada layanan chatting online antar driver dan admin, krn penting terkait dgn masalah driver dilapangan.. mohon pihak gojek lebih peduli dgn drivernya;1
@krisnanasariayu Min dipanggil @gojekindonesia;1
Kepada @gojekindonesia @gopayindonesia, di tunggu tanggapannya, SEGERA;1
@gojekindonesia bgm cara hapus akun gojek? Soalnya lupa nomor teleponnya;1
@nikitasiagian_ @gojekindonesia Cek dm;1
@rzky_rmdh @gojekindonesia Itu 4knya buat ongkir, jd 6k motong harga makanan, kalo tunia ongkirnya jd 8k, gitu;1
Posisiku di Bandung, kakak ada di Makassar, pesenin martabak untuk menemani malamnya jadi lebih mudah berkat @gojekindonesia , ini baru #Cerdikiawan ðŸ˜ https://t.co/Yvl4Hzg5c2;1
@issap0tat0 @gojekindonesia Kasian ya;1
@gojekindonesia Realistis aja napa ey. Sian driver nya :(;1
@gojekindonesia min udh mulai musim ujan nih ada wacana bikin go-payung ga?;1
@gojekindonesia hallo min. Promonya yg go ride ditambahin dong. Aku pengguna setia loh;1
"sepanjang hidup dah pernah nge-email macem2 cs. dari bank, provider, e-commerce. macem2 lah pokoknyaa. &amp; tergercep jatuhhh pada @gojekindonesia. kaget, ga nyampe sejam diladenin. padahal yg lainnya minimal bisa h+1. luv u";1
@jokoanwar Udah di sikat, makasih buat @gojekpromo @gojekindonesia  dapat diskon 15ribu https://t.co/DJBtNOAK3N;1
@Gataunya @gojekindonesia Kode promonya apa ya?;1
@fahradwii wahh berbakat sekali jadi marketing @gojekindonesia wkwkwkwk;1
Lebih baik gandeng @gojekindonesia yang perusahaan indonesia. https://t.co/Uepe4WyP1M;1
@gojekindonesia plis buka cabang di turki plis :((;1
@gojekindonesia min mohon followback saya perlu dm terimakasih;1
Pen aku pake ovo/gopay-nya buat naik @GrabID atau @gojekindonesia buat berangkat ngntor selama seminggu sampe tgl 25. #gajianmasihlama https://t.co/JhmMXGzphU;1
Nemu ulasan tentang karya anak bangsa @gojekdesign @gojekindonesia di Adobe Blog ðŸ‘ðŸ» https://t.co/rTcTjIkOh7;1
@adetrisnaefendi Siapp bang, sudah menjadi kebiasaan untuk melayani pengguna @gojekindonesia;1
@kevinchoc Konten baru bang.. ajakin main driver ojol.. siapa tau diendorse @gojekindonesia;1
@chellekintan @gojekindonesia Naaah itu diaaa! Sebenernya aku gak kagett kalo kejadiannya disana, gojek jogja adem2 aja sih belum pernah ada yang aneh2 ðŸ‘Œ;1
@gojekindonesia kalau kita ingin perbaiki letak maps di go resto atau go bizz kita harus kirim email. Kemana ya?  Terima kasih;1
@Widyandaru_ @gojekindonesia Hampir kaget aku kira jogja soalnya jarang banget driver di sini yang macem macem...;1
@chellekintan @gojekindonesia Iyaaa kinn, tadi laporannya udah diteruskaaan kook btw dan drivernya katanya akan diberi sanksiii tegaass hehe;1
@Widyandaru_ @gojekindonesia Adekmu di jakarta??;1
@gojekindonesia halo min, bisa follow back? saya mau dm penting;1
halo @gojekindonesia, kapan bisa bayar ukt pakai gopay? pakai promo code dari gojek gitu ada diskonnya ukt :);1
@MeSoInLoveWYou @alfiyahbl @gojekindonesia Gak menghargai pekerjaan seseorang, manusia ada titik lemahnya;1
@MeSoInLoveWYou @gojekindonesia Ini mbanya kayanya lagi ngidam. Orang ngidam harus makan yang sama takut anaknya ileran makanya dia marah marah kali yaa...ðŸ˜‚ðŸ˜‚ðŸ˜‚;1
@MeSoInLoveWYou @gojekindonesia Ngga respect sama sekali sama kamu mba, ngatain orang sampah lagi.;1
@MeSoInLoveWYou @gojekindonesia Ya Allah abang gojek nya sehat terus ya :) ,kita doain abang gojek aja deh jangan mba ini soalnya walp chat WA nya foto selfie :);1
Saran gw min @gojekindonesia baiknya check secara baik sebelum memberikan sanksi , sisi kemanusiaan diutamakan gak melulu bicara sistem, terima kasih ðŸ™ https://t.co/JqoF0mQzBn;1
"nyampenya cepet, namun sangat memuaskan ?ï¿½ï¿½??ï¿½ï¿½??ï¿½ï¿½? 
apa hayo?  tentu saja @gojekindonesia";1
@gojekindonesia Terimakasih kak;1
Terima kasih banyak abang @gojekindonesia ðŸ¥°;1
Haii @gojekindonesia kalian punya layanan buat surprise ulang taun ngga. Masalahnya saya di Taiwan pacar saya di Indonesia.  semoga dengan tweet ini saya menemukan solusi dari kepusingan saya ðŸ™ƒ. Terimaksih sekian;1
meskipun gojek belum hadir dikotaku tp apk nya udah aku instal lama. Saya tunggu dikotaku tulungagung tercinta;1
@gojekindonesia Ok;1
"Bah. Jumat barokah dah pokoknya....
Pagi-pagi udah nge gofood. Pertama pesan Lontong Pical.
Eh ba tiba ada salat buah...
@IlhamArrasulian

Makasi @gojekindonesia";1
Terima kasih @gojekindonesiaatas surprisenya, aku kaget bangun pagi dikirimin kue... Terhuraaa... WAKAKAKAKA @DewiShyntaS @dheyaanggita @gabytmpbln love you…;1
Terima kasih min, saran saya setidaknya berikan opsi untuk mengatur dari sub aplikasi apa saja kita bisa dapat notifikasi sehingga bagi yang terganggu ada opsi untuk memilih;1
Terimakasih @gojekindonesia, punya driver yang baik seperti ini. Membantu meski gak kenal siapa saya dan sekeluarga;1
